<?xml version="1.0" encoding="utf-8"?>
<resources>
    <color name="background">#FCFFF6</color>
    <color name="black">#FF000000</color>
    <color name="dark">#29201B</color>
    <color name="green">#008705</color>
    <color name="primary">#4C5947</color>
    <color name="red">#FF014A</color>
    <color name="secondary">#DDE5CF</color>
    <color name="white">#FFFFFFFF</color>
    <color name="yellow">#FFBF00</color>
    <string name="app_name">SkinSense Pro</string>
    <string name="app_subheading">Your one step solution for selecting the right product.</string>
    <string name="create_account_text">Create Account</string>
    <string name="dont_have_account">Don’t have an account? Signup</string>
    <string name="email">email</string>
    <string name="featured_section_title">Featured Section</string>
    <string name="gcm_defaultSenderId" translatable="false">399992170892</string>
    <string name="get_product">Get Product</string>
    <string name="google_api_key" translatable="false">AIzaSyAX9TxIGGEAgJtltLo7xcyjzprHwmRgRfk</string>
    <string name="google_app_id" translatable="false">1:399992170892:android:bfdfcdc5773976149e0ea9</string>
    <string name="google_crash_reporting_api_key" translatable="false">AIzaSyAX9TxIGGEAgJtltLo7xcyjzprHwmRgRfk</string>
    <string name="google_storage_bucket" translatable="false">skinsense-pro.firebasestorage.app</string>
    <string name="have_account">Already have an account?</string>
    <string name="hello_blank_fragment">Hello blank fragment</string>
    <string name="liked_items_title">Liked Items</string>
    <string name="login_text">Login</string>
    <string name="logout_text">Logout</string>
    <string name="name">name</string>
    <string name="password">password</string>
    <string name="project_id" translatable="false">skinsense-pro</string>
    <string name="rewrite_password">rewrite password</string>
    <string name="scanned_items_title">Scanned Items</string>
    <string name="suggestions_title">Suggestions</string>
    <style name="Theme.SkinSensePro" parent="Theme.Material3.DayNight.NoActionBar">

    </style>
</resources>