<?xml version="1.0" encoding="utf-8"?>
<merger version="3"><dataSet aapt-namespace="http://schemas.android.com/apk/res-auto" config="androidx.test:core:1.6.1$Generated" generated="true" ignore_pattern="!.svn:!.git:!.ds_store:!*.scc:.*:&lt;dir>_*:!CVS:!thumbs.db:!picasa.ini:!*~"><source path="/Users/ahsanhabib/.gradle/caches/transforms-4/85eb3c005589b22740892b97b2976792/transformed/core-1.6.1/res"/></dataSet><dataSet aapt-namespace="http://schemas.android.com/apk/res-auto" config="androidx.test:core:1.6.1" from-dependency="true" generated-set="androidx.test:core:1.6.1$Generated" ignore_pattern="!.svn:!.git:!.ds_store:!*.scc:.*:&lt;dir>_*:!CVS:!thumbs.db:!picasa.ini:!*~"><source path="/Users/ahsanhabib/.gradle/caches/transforms-4/85eb3c005589b22740892b97b2976792/transformed/core-1.6.1/res"><file path="/Users/ahsanhabib/.gradle/caches/transforms-4/85eb3c005589b22740892b97b2976792/transformed/core-1.6.1/res/values-v28/values.xml" qualifiers="v28"><style name="WhiteBackgroundDialogTheme" parent="@android:style/Theme.Material.Dialog.NoActionBar">
<item name="android:windowNoTitle">true</item>
<item name="android:windowFullscreen">false</item>
<item name="android:windowOverscan">true</item>
<item name="android:fadingEdge">none</item>
<item name="android:windowBackground">@android:color/white</item>
<item name="android:windowContentTransitions">false</item>
<item name="android:windowAnimationStyle">@null</item>
</style><style name="WhiteBackgroundTheme" parent="@android:style/Theme.Material.NoActionBar.Fullscreen">
<item name="android:windowNoTitle">true</item>
<item name="android:windowFullscreen">false</item>
<item name="android:windowOverscan">true</item>
<item name="android:fadingEdge">none</item>
<item name="android:windowBackground">@android:color/white</item>
<item name="android:windowContentTransitions">false</item>
<item name="android:windowAnimationStyle">@null</item>
</style></file><file path="/Users/ahsanhabib/.gradle/caches/transforms-4/85eb3c005589b22740892b97b2976792/transformed/core-1.6.1/res/values-v21/values.xml" qualifiers="v21"><style name="WhiteBackgroundDialogTheme" parent="@android:style/Theme.Holo.Dialog.NoActionBar">
<item name="android:windowNoTitle">true</item>
<item name="android:windowFullscreen">false</item>
<item name="android:windowOverscan">true</item>
<item name="android:fadingEdge">none</item>
<item name="android:windowBackground">@android:color/white</item>
<item name="android:windowContentTransitions">false</item>
<item name="android:windowAnimationStyle">@null</item>
</style><style name="WhiteBackgroundTheme" parent="@android:style/Theme.Holo.NoActionBar.Fullscreen">
<item name="android:windowNoTitle">true</item>
<item name="android:windowFullscreen">false</item>
<item name="android:windowOverscan">true</item>
<item name="android:fadingEdge">none</item>
<item name="android:windowBackground">@android:color/white</item>
<item name="android:windowContentTransitions">false</item>
<item name="android:windowAnimationStyle">@null</item>
</style></file><file path="/Users/ahsanhabib/.gradle/caches/transforms-4/85eb3c005589b22740892b97b2976792/transformed/core-1.6.1/res/values-v18/values.xml" qualifiers="v18"><style name="WhiteBackgroundDialogTheme" parent="@android:style/Theme.Holo.Dialog.NoActionBar">
<item name="android:windowNoTitle">true</item>
<item name="android:windowFullscreen">false</item>
<item name="android:windowOverscan">true</item>
<item name="android:fadingEdge">none</item>
<item name="android:windowBackground">@android:color/white</item>
<item name="android:windowAnimationStyle">@null</item>
</style><style name="WhiteBackgroundTheme" parent="@android:style/Theme.Holo.NoActionBar.Fullscreen">
<item name="android:windowNoTitle">true</item>
<item name="android:windowFullscreen">false</item>
<item name="android:windowOverscan">true</item>
<item name="android:fadingEdge">none</item>
<item name="android:windowBackground">@android:color/white</item>
<item name="android:windowAnimationStyle">@null</item>
</style></file><file path="/Users/ahsanhabib/.gradle/caches/transforms-4/85eb3c005589b22740892b97b2976792/transformed/core-1.6.1/res/values/values.xml" qualifiers=""><style name="WhiteBackgroundDialogTheme" parent="@android:style/Theme.Holo.Dialog.NoActionBar">
<item name="android:windowNoTitle">true</item>
<item name="android:windowFullscreen">false</item>
<item name="android:fadingEdge">none</item>
<item name="android:windowBackground">@android:color/white</item>
<item name="android:windowAnimationStyle">@null</item>
</style><style name="WhiteBackgroundTheme" parent="@android:style/Theme.Holo.NoActionBar.Fullscreen">
<item name="android:windowNoTitle">true</item>
<item name="android:windowFullscreen">false</item>
<item name="android:fadingEdge">none</item>
<item name="android:windowBackground">@android:color/white</item>
<item name="android:windowAnimationStyle">@null</item>
</style></file></source></dataSet><dataSet aapt-namespace="http://schemas.android.com/apk/res-auto" config="androidTest$Generated" generated="true" ignore_pattern="!.svn:!.git:!.ds_store:!*.scc:.*:&lt;dir>_*:!CVS:!thumbs.db:!picasa.ini:!*~"><source path="/Users/ahsanhabib/Library/CloudStorage/GoogleDrive-habibniloy500@gmail.com/My Drive/TRU/Fall 24/SkinSensePro/app/src/androidTest/res"/></dataSet><dataSet aapt-namespace="http://schemas.android.com/apk/res-auto" config="androidTest" generated-set="androidTest$Generated" ignore_pattern="!.svn:!.git:!.ds_store:!*.scc:.*:&lt;dir>_*:!CVS:!thumbs.db:!picasa.ini:!*~"><source path="/Users/ahsanhabib/Library/CloudStorage/GoogleDrive-habibniloy500@gmail.com/My Drive/TRU/Fall 24/SkinSensePro/app/src/androidTest/res"/></dataSet><dataSet aapt-namespace="http://schemas.android.com/apk/res-auto" config="androidTestDebug$Generated" generated="true" ignore_pattern="!.svn:!.git:!.ds_store:!*.scc:.*:&lt;dir>_*:!CVS:!thumbs.db:!picasa.ini:!*~"><source path="/Users/ahsanhabib/Library/CloudStorage/GoogleDrive-habibniloy500@gmail.com/My Drive/TRU/Fall 24/SkinSensePro/app/src/androidTestDebug/res"/></dataSet><dataSet aapt-namespace="http://schemas.android.com/apk/res-auto" config="androidTestDebug" generated-set="androidTestDebug$Generated" ignore_pattern="!.svn:!.git:!.ds_store:!*.scc:.*:&lt;dir>_*:!CVS:!thumbs.db:!picasa.ini:!*~"><source path="/Users/ahsanhabib/Library/CloudStorage/GoogleDrive-habibniloy500@gmail.com/My Drive/TRU/Fall 24/SkinSensePro/app/src/androidTestDebug/res"/></dataSet><dataSet aapt-namespace="http://schemas.android.com/apk/res-auto" config="generated$Generated" generated="true" ignore_pattern="!.svn:!.git:!.ds_store:!*.scc:.*:&lt;dir>_*:!CVS:!thumbs.db:!picasa.ini:!*~"><source path="/Users/ahsanhabib/Library/CloudStorage/GoogleDrive-habibniloy500@gmail.com/My Drive/TRU/Fall 24/SkinSensePro/app/build/generated/res/resValues/androidTest/debug"/></dataSet><dataSet aapt-namespace="http://schemas.android.com/apk/res-auto" config="generated" generated-set="generated$Generated" ignore_pattern="!.svn:!.git:!.ds_store:!*.scc:.*:&lt;dir>_*:!CVS:!thumbs.db:!picasa.ini:!*~"><source path="/Users/ahsanhabib/Library/CloudStorage/GoogleDrive-habibniloy500@gmail.com/My Drive/TRU/Fall 24/SkinSensePro/app/build/generated/res/resValues/androidTest/debug"/></dataSet><mergedItems/></merger>