<?xml version="1.0" encoding="utf-8"?>
<merger version="3"><dataSet config="main" ignore_pattern="!.svn:!.git:!.ds_store:!*.scc:.*:&lt;dir>_*:!CVS:!thumbs.db:!picasa.ini:!*~"><source path="C:\Users\Hp\Downloads\SkinSensePro\SkinSensePro\app\src\main\assets"/></dataSet><dataSet config="debug" ignore_pattern="!.svn:!.git:!.ds_store:!*.scc:.*:&lt;dir>_*:!CVS:!thumbs.db:!picasa.ini:!*~"><source path="C:\Users\Hp\Downloads\SkinSensePro\SkinSensePro\app\src\debug\assets"/></dataSet><dataSet config="generated" ignore_pattern="!.svn:!.git:!.ds_store:!*.scc:.*:&lt;dir>_*:!CVS:!thumbs.db:!picasa.ini:!*~"><source path="C:\Users\Hp\Downloads\SkinSensePro\SkinSensePro\app\build\intermediates\shader_assets\debug\compileDebugShaders\out"/></dataSet></merger>