<?xml version="1.0" encoding="utf-8"?>
<merger version="3"><dataSet config="androidTest" ignore_pattern="!.svn:!.git:!.ds_store:!*.scc:.*:&lt;dir>_*:!CVS:!thumbs.db:!picasa.ini:!*~"><source path="/Users/ahsanhabib/Library/CloudStorage/GoogleDrive-habibniloy500@gmail.com/My Drive/TRU/Fall 24/SkinSensePro/app/src/androidTest/assets"/></dataSet><dataSet config="androidTestDebug" ignore_pattern="!.svn:!.git:!.ds_store:!*.scc:.*:&lt;dir>_*:!CVS:!thumbs.db:!picasa.ini:!*~"><source path="/Users/ahsanhabib/Library/CloudStorage/GoogleDrive-habibniloy500@gmail.com/My Drive/TRU/Fall 24/SkinSensePro/app/src/androidTestDebug/assets"/></dataSet><dataSet config="generated" ignore_pattern="!.svn:!.git:!.ds_store:!*.scc:.*:&lt;dir>_*:!CVS:!thumbs.db:!picasa.ini:!*~"><source path="/Users/ahsanhabib/Library/CloudStorage/GoogleDrive-habibniloy500@gmail.com/My Drive/TRU/Fall 24/SkinSensePro/app/build/intermediates/shader_assets/debugAndroidTest/compileDebugAndroidTestShaders/out"/></dataSet></merger>