<?xml version="1.0" encoding="utf-8"?>
<merger version="3"><dataSet aapt-namespace="http://schemas.android.com/apk/res-auto" config="main$Generated" generated="true" ignore_pattern="!.svn:!.git:!.ds_store:!*.scc:.*:&lt;dir>_*:!CVS:!thumbs.db:!picasa.ini:!*~"><source path="C:\Users\Hp\Downloads\SkinSensePro\SkinSensePro\app\src\main\res"/></dataSet><dataSet aapt-namespace="http://schemas.android.com/apk/res-auto" config="main" generated-set="main$Generated" ignore_pattern="!.svn:!.git:!.ds_store:!*.scc:.*:&lt;dir>_*:!CVS:!thumbs.db:!picasa.ini:!*~"><source path="C:\Users\Hp\Downloads\SkinSensePro\SkinSensePro\app\src\main\res"><file name="bar_code_camera_logo" path="C:\Users\Hp\Downloads\SkinSensePro\SkinSensePro\app\src\main\res\drawable\bar_code_camera_logo.xml" qualifiers="" type="drawable"/><file name="bodycarecatagory" path="C:\Users\Hp\Downloads\SkinSensePro\SkinSensePro\app\src\main\res\drawable\bodycarecatagory.xml" qualifiers="" type="drawable"/><file name="bottom_navigation_background" path="C:\Users\Hp\Downloads\SkinSensePro\SkinSensePro\app\src\main\res\drawable\bottom_navigation_background.xml" qualifiers="" type="drawable"/><file name="category_border" path="C:\Users\Hp\Downloads\SkinSensePro\SkinSensePro\app\src\main\res\drawable\category_border.xml" qualifiers="" type="drawable"/><file name="circle_shape" path="C:\Users\Hp\Downloads\SkinSensePro\SkinSensePro\app\src\main\res\drawable\circle_shape.xml" qualifiers="" type="drawable"/><file name="custom_input" path="C:\Users\Hp\Downloads\SkinSensePro\SkinSensePro\app\src\main\res\drawable\custom_input.xml" qualifiers="" type="drawable"/><file name="haircarecatagory" path="C:\Users\Hp\Downloads\SkinSensePro\SkinSensePro\app\src\main\res\drawable\haircarecatagory.xml" qualifiers="" type="drawable"/><file name="home_filled" path="C:\Users\Hp\Downloads\SkinSensePro\SkinSensePro\app\src\main\res\drawable\home_filled.xml" qualifiers="" type="drawable"/><file name="home_holo" path="C:\Users\Hp\Downloads\SkinSensePro\SkinSensePro\app\src\main\res\drawable\home_holo.xml" qualifiers="" type="drawable"/><file name="ic_launcher_background" path="C:\Users\Hp\Downloads\SkinSensePro\SkinSensePro\app\src\main\res\drawable\ic_launcher_background.xml" qualifiers="" type="drawable"/><file name="ic_launcher_foreground" path="C:\Users\Hp\Downloads\SkinSensePro\SkinSensePro\app\src\main\res\drawable\ic_launcher_foreground.xml" qualifiers="" type="drawable"/><file name="liked_filled" path="C:\Users\Hp\Downloads\SkinSensePro\SkinSensePro\app\src\main\res\drawable\liked_filled.xml" qualifiers="" type="drawable"/><file name="liked_holo" path="C:\Users\Hp\Downloads\SkinSensePro\SkinSensePro\app\src\main\res\drawable\liked_holo.xml" qualifiers="" type="drawable"/><file name="logo_loginpage" path="C:\Users\Hp\Downloads\SkinSensePro\SkinSensePro\app\src\main\res\drawable\logo_loginpage.xml" qualifiers="" type="drawable"/><file name="makeupcatagory" path="C:\Users\Hp\Downloads\SkinSensePro\SkinSensePro\app\src\main\res\drawable\makeupcatagory.xml" qualifiers="" type="drawable"/><file name="no_ripple" path="C:\Users\Hp\Downloads\SkinSensePro\SkinSensePro\app\src\main\res\drawable\no_ripple.xml" qualifiers="" type="drawable"/><file name="open_link" path="C:\Users\Hp\Downloads\SkinSensePro\SkinSensePro\app\src\main\res\drawable\open_link.xml" qualifiers="" type="drawable"/><file name="price_background" path="C:\Users\Hp\Downloads\SkinSensePro\SkinSensePro\app\src\main\res\drawable\price_background.xml" qualifiers="" type="drawable"/><file name="profilepic" path="C:\Users\Hp\Downloads\SkinSensePro\SkinSensePro\app\src\main\res\drawable\profilepic.png" qualifiers="" type="drawable"/><file name="profile_filled" path="C:\Users\Hp\Downloads\SkinSensePro\SkinSensePro\app\src\main\res\drawable\profile_filled.xml" qualifiers="" type="drawable"/><file name="profile_holo" path="C:\Users\Hp\Downloads\SkinSensePro\SkinSensePro\app\src\main\res\drawable\profile_holo.xml" qualifiers="" type="drawable"/><file name="scanned_filled" path="C:\Users\Hp\Downloads\SkinSensePro\SkinSensePro\app\src\main\res\drawable\scanned_filled.xml" qualifiers="" type="drawable"/><file name="scanned_holo" path="C:\Users\Hp\Downloads\SkinSensePro\SkinSensePro\app\src\main\res\drawable\scanned_holo.xml" qualifiers="" type="drawable"/><file name="skincarecatagory" path="C:\Users\Hp\Downloads\SkinSensePro\SkinSensePro\app\src\main\res\drawable\skincarecatagory.xml" qualifiers="" type="drawable"/><file name="splash_screen" path="C:\Users\Hp\Downloads\SkinSensePro\SkinSensePro\app\src\main\res\drawable\splash_screen.xml" qualifiers="" type="drawable"/><file name="splash_screen_background" path="C:\Users\Hp\Downloads\SkinSensePro\SkinSensePro\app\src\main\res\drawable\splash_screen_background.xml" qualifiers="" type="drawable"/><file name="transparent_background" path="C:\Users\Hp\Downloads\SkinSensePro\SkinSensePro\app\src\main\res\drawable\transparent_background.xml" qualifiers="" type="drawable"/><file name="inter_black" path="C:\Users\Hp\Downloads\SkinSensePro\SkinSensePro\app\src\main\res\font\inter_black.ttf" qualifiers="" type="font"/><file name="inter_light" path="C:\Users\Hp\Downloads\SkinSensePro\SkinSensePro\app\src\main\res\font\inter_light.ttf" qualifiers="" type="font"/><file name="inter_regular" path="C:\Users\Hp\Downloads\SkinSensePro\SkinSensePro\app\src\main\res\font\inter_regular.ttf" qualifiers="" type="font"/><file name="inter_semibold" path="C:\Users\Hp\Downloads\SkinSensePro\SkinSensePro\app\src\main\res\font\inter_semibold.ttf" qualifiers="" type="font"/><file name="activity_barcode_scanner" path="C:\Users\Hp\Downloads\SkinSensePro\SkinSensePro\app\src\main\res\layout\activity_barcode_scanner.xml" qualifiers="" type="layout"/><file name="activity_main" path="C:\Users\Hp\Downloads\SkinSensePro\SkinSensePro\app\src\main\res\layout\activity_main.xml" qualifiers="" type="layout"/><file name="activity_product_details" path="C:\Users\Hp\Downloads\SkinSensePro\SkinSensePro\app\src\main\res\layout\activity_product_details.xml" qualifiers="" type="layout"/><file name="activity_splash" path="C:\Users\Hp\Downloads\SkinSensePro\SkinSensePro\app\src\main\res\layout\activity_splash.xml" qualifiers="" type="layout"/><file name="fragment_home" path="C:\Users\Hp\Downloads\SkinSensePro\SkinSensePro\app\src\main\res\layout\fragment_home.xml" qualifiers="" type="layout"/><file name="fragment_liked" path="C:\Users\Hp\Downloads\SkinSensePro\SkinSensePro\app\src\main\res\layout\fragment_liked.xml" qualifiers="" type="layout"/><file name="fragment_profile" path="C:\Users\Hp\Downloads\SkinSensePro\SkinSensePro\app\src\main\res\layout\fragment_profile.xml" qualifiers="" type="layout"/><file name="fragment_scanned" path="C:\Users\Hp\Downloads\SkinSensePro\SkinSensePro\app\src\main\res\layout\fragment_scanned.xml" qualifiers="" type="layout"/><file name="ingredient_item" path="C:\Users\Hp\Downloads\SkinSensePro\SkinSensePro\app\src\main\res\layout\ingredient_item.xml" qualifiers="" type="layout"/><file name="ingredient_list_item" path="C:\Users\Hp\Downloads\SkinSensePro\SkinSensePro\app\src\main\res\layout\ingredient_list_item.xml" qualifiers="" type="layout"/><file name="item_hero_image" path="C:\Users\Hp\Downloads\SkinSensePro\SkinSensePro\app\src\main\res\layout\item_hero_image.xml" qualifiers="" type="layout"/><file name="login_page" path="C:\Users\Hp\Downloads\SkinSensePro\SkinSensePro\app\src\main\res\layout\login_page.xml" qualifiers="" type="layout"/><file name="product_grid_item" path="C:\Users\Hp\Downloads\SkinSensePro\SkinSensePro\app\src\main\res\layout\product_grid_item.xml" qualifiers="" type="layout"/><file name="signup_page" path="C:\Users\Hp\Downloads\SkinSensePro\SkinSensePro\app\src\main\res\layout\signup_page.xml" qualifiers="" type="layout"/><file name="bottom_navigation_menu" path="C:\Users\Hp\Downloads\SkinSensePro\SkinSensePro\app\src\main\res\menu\bottom_navigation_menu.xml" qualifiers="" type="menu"/><file name="ic_launcher" path="C:\Users\Hp\Downloads\SkinSensePro\SkinSensePro\app\src\main\res\mipmap-anydpi-v26\ic_launcher.xml" qualifiers="anydpi-v26" type="mipmap"/><file name="ic_launcher_round" path="C:\Users\Hp\Downloads\SkinSensePro\SkinSensePro\app\src\main\res\mipmap-anydpi-v26\ic_launcher_round.xml" qualifiers="anydpi-v26" type="mipmap"/><file name="ic_launcher" path="C:\Users\Hp\Downloads\SkinSensePro\SkinSensePro\app\src\main\res\mipmap-hdpi\ic_launcher.webp" qualifiers="hdpi-v4" type="mipmap"/><file name="ic_launcher_round" path="C:\Users\Hp\Downloads\SkinSensePro\SkinSensePro\app\src\main\res\mipmap-hdpi\ic_launcher_round.webp" qualifiers="hdpi-v4" type="mipmap"/><file name="ic_launcher" path="C:\Users\Hp\Downloads\SkinSensePro\SkinSensePro\app\src\main\res\mipmap-mdpi\ic_launcher.webp" qualifiers="mdpi-v4" type="mipmap"/><file name="ic_launcher_round" path="C:\Users\Hp\Downloads\SkinSensePro\SkinSensePro\app\src\main\res\mipmap-mdpi\ic_launcher_round.webp" qualifiers="mdpi-v4" type="mipmap"/><file name="ic_launcher" path="C:\Users\Hp\Downloads\SkinSensePro\SkinSensePro\app\src\main\res\mipmap-xhdpi\ic_launcher.webp" qualifiers="xhdpi-v4" type="mipmap"/><file name="ic_launcher_round" path="C:\Users\Hp\Downloads\SkinSensePro\SkinSensePro\app\src\main\res\mipmap-xhdpi\ic_launcher_round.webp" qualifiers="xhdpi-v4" type="mipmap"/><file name="ic_launcher" path="C:\Users\Hp\Downloads\SkinSensePro\SkinSensePro\app\src\main\res\mipmap-xxhdpi\ic_launcher.webp" qualifiers="xxhdpi-v4" type="mipmap"/><file name="ic_launcher_round" path="C:\Users\Hp\Downloads\SkinSensePro\SkinSensePro\app\src\main\res\mipmap-xxhdpi\ic_launcher_round.webp" qualifiers="xxhdpi-v4" type="mipmap"/><file name="ic_launcher" path="C:\Users\Hp\Downloads\SkinSensePro\SkinSensePro\app\src\main\res\mipmap-xxxhdpi\ic_launcher.webp" qualifiers="xxxhdpi-v4" type="mipmap"/><file name="ic_launcher_round" path="C:\Users\Hp\Downloads\SkinSensePro\SkinSensePro\app\src\main\res\mipmap-xxxhdpi\ic_launcher_round.webp" qualifiers="xxxhdpi-v4" type="mipmap"/><file path="C:\Users\Hp\Downloads\SkinSensePro\SkinSensePro\app\src\main\res\values\colors.xml" qualifiers=""><color name="black">#FF000000</color><color name="white">#FFFFFFFF</color><color name="primary">#4C5947</color><color name="background">#FCFFF6</color><color name="secondary">#DDE5CF</color><color name="dark">#29201B</color><color name="red">#FF014A</color><color name="green">#008705</color><color name="yellow">#FFBF00</color></file><file path="C:\Users\Hp\Downloads\SkinSensePro\SkinSensePro\app\src\main\res\values\strings.xml" qualifiers=""><string name="app_name">SkinSense Pro</string><string name="app_subheading">Your one step solution for selecting the right product.</string><string name="featured_section_title">Featured Section</string><string name="suggestions_title">Suggestions</string><string name="liked_items_title">Liked Items</string><string name="scanned_items_title">Scanned Items</string><string name="have_account">Already have an account?</string><string name="dont_have_account">Don’t have an account? Signup</string><string name="login_text">Login</string><string name="create_account_text">Create Account</string><string name="logout_text">Logout</string><string name="name">name</string><string name="email">email</string><string name="password">password</string><string name="rewrite_password">rewrite password</string><string name="get_product">Get Product</string><string name="hello_blank_fragment">Hello blank fragment</string></file><file path="C:\Users\Hp\Downloads\SkinSensePro\SkinSensePro\app\src\main\res\values\styles.xml" qualifiers=""><style name="Theme.SkinSensePro" parent="Theme.Material3.DayNight.NoActionBar">

    </style></file><file path="C:\Users\Hp\Downloads\SkinSensePro\SkinSensePro\app\src\main\res\values\themes.xml" qualifiers=""/><file path="C:\Users\Hp\Downloads\SkinSensePro\SkinSensePro\app\src\main\res\values-night\themes.xml" qualifiers="night-v8"/><file name="backup_rules" path="C:\Users\Hp\Downloads\SkinSensePro\SkinSensePro\app\src\main\res\xml\backup_rules.xml" qualifiers="" type="xml"/><file name="data_extraction_rules" path="C:\Users\Hp\Downloads\SkinSensePro\SkinSensePro\app\src\main\res\xml\data_extraction_rules.xml" qualifiers="" type="xml"/></source></dataSet><dataSet aapt-namespace="http://schemas.android.com/apk/res-auto" config="debug$Generated" generated="true" ignore_pattern="!.svn:!.git:!.ds_store:!*.scc:.*:&lt;dir>_*:!CVS:!thumbs.db:!picasa.ini:!*~"><source path="C:\Users\Hp\Downloads\SkinSensePro\SkinSensePro\app\src\debug\res"/></dataSet><dataSet aapt-namespace="http://schemas.android.com/apk/res-auto" config="debug" generated-set="debug$Generated" ignore_pattern="!.svn:!.git:!.ds_store:!*.scc:.*:&lt;dir>_*:!CVS:!thumbs.db:!picasa.ini:!*~"><source path="C:\Users\Hp\Downloads\SkinSensePro\SkinSensePro\app\src\debug\res"/></dataSet><dataSet aapt-namespace="http://schemas.android.com/apk/res-auto" config="generated$Generated" generated="true" ignore_pattern="!.svn:!.git:!.ds_store:!*.scc:.*:&lt;dir>_*:!CVS:!thumbs.db:!picasa.ini:!*~"><source path="C:\Users\Hp\Downloads\SkinSensePro\SkinSensePro\app\build\generated\res\resValues\debug"/><source path="C:\Users\Hp\Downloads\SkinSensePro\SkinSensePro\app\build\generated\res\processDebugGoogleServices"/></dataSet><dataSet aapt-namespace="http://schemas.android.com/apk/res-auto" config="generated" generated-set="generated$Generated" ignore_pattern="!.svn:!.git:!.ds_store:!*.scc:.*:&lt;dir>_*:!CVS:!thumbs.db:!picasa.ini:!*~"><source path="C:\Users\Hp\Downloads\SkinSensePro\SkinSensePro\app\build\generated\res\resValues\debug"/><source path="C:\Users\Hp\Downloads\SkinSensePro\SkinSensePro\app\build\generated\res\processDebugGoogleServices"><file path="C:\Users\Hp\Downloads\SkinSensePro\SkinSensePro\app\build\generated\res\processDebugGoogleServices\values\values.xml" qualifiers=""><string name="gcm_defaultSenderId" translatable="false">399992170892</string><string name="google_api_key" translatable="false">AIzaSyAX9TxIGGEAgJtltLo7xcyjzprHwmRgRfk</string><string name="google_app_id" translatable="false">1:399992170892:android:bfdfcdc5773976149e0ea9</string><string name="google_crash_reporting_api_key" translatable="false">AIzaSyAX9TxIGGEAgJtltLo7xcyjzprHwmRgRfk</string><string name="google_storage_bucket" translatable="false">skinsense-pro.firebasestorage.app</string><string name="project_id" translatable="false">skinsense-pro</string></file></source></dataSet><dataSet aapt-namespace="http://schemas.android.com/apk/res-auto" config="res-processDebugGoogleServices$Generated" generated="true" ignore_pattern="!.svn:!.git:!.ds_store:!*.scc:.*:&lt;dir>_*:!CVS:!thumbs.db:!picasa.ini:!*~"/><dataSet aapt-namespace="http://schemas.android.com/apk/res-auto" config="res-processDebugGoogleServices" generated-set="res-processDebugGoogleServices$Generated" ignore_pattern="!.svn:!.git:!.ds_store:!*.scc:.*:&lt;dir>_*:!CVS:!thumbs.db:!picasa.ini:!*~"/><mergedItems/></merger>